id,group_id
id74463,group_0
id39470,group_1
id52361,group_1
id56487,group_1
id60733,group_1
id18726,group_10
id18543,group_100
id52100,group_1000
id15163,group_1001
id27416,group_1002
id15892,group_1003
id30129,group_1004
id3208,group_1004
id50097,group_1004
id5045,group_1004
id90178,group_1005
id25286,group_1006
id27952,group_1006
id41382,group_1007
id59124,group_1008
id50196,group_1009
id26935,group_101
id70858,group_101
id46511,group_1010
id92517,group_1011
id2710,group_1012
id4704,group_1012
id93894,group_1012
id63123,group_1013
id7080,group_1014
id77571,group_1015
id15006,group_1016
id65283,group_1017
id73297,group_1018
id64587,group_1019
id93689,group_102
id75837,group_1020
id36,group_1021
id73226,group_1022
id78817,group_1023
id44871,group_1024
id11631,group_1025
id26748,group_1026
id97191,group_1026
id9816,group_1027
id15016,group_1028
id64022,group_1029
id85495,group_103
id15225,group_1030
id33450,group_1031
id75263,group_1031
id96981,group_1031
id66372,group_1032
id93041,group_1033
id68205,group_1034
id91239,group_1035
id7653,group_1036
id18741,group_1037
id97747,group_1037
id32647,group_1038
id5199,group_1038
id75076,group_1039
id22892,group_104
id54393,group_1040
id80674,group_1041
id84694,group_1041
id88193,group_1041
id57566,group_1042
id16641,group_1043
id55822,group_1044
id99854,group_1045
id7529,group_1046
id93579,group_1047
id63560,group_1048
id12822,group_1049
id78048,group_1049
id10420,group_105
id49749,group_105
id40481,group_1050
id76460,group_1051
id86696,group_1051
id38233,group_1052
id67124,group_1052
id36874,group_1053
id60315,group_1053
id33143,group_1054
id41593,group_1054
id18085,group_1055
id99142,group_1055
id32935,group_1056
id86652,group_1057
id80892,group_1058
id4157,group_1059
id7133,group_106
id18752,group_1060
id37812,group_1060
id38854,group_1060
id6785,group_1060
id69215,group_1060
id94402,group_1061
id20172,group_1062
id75531,group_1062
id52973,group_1063
id25624,group_1064
id36214,group_1064
id26066,group_1065
id64763,group_1065
id52284,group_1066
id93363,group_1066
id76784,group_1067
id14349,group_1068
id88094,group_1069
id16321,group_107
id26656,group_1070
id94141,group_1070
id33592,group_1071
id3407,group_1072
id39443,group_1073
id21299,group_1074
id63080,group_1075
id62571,group_1076
id99131,group_1076
id71428,group_1077
id23609,group_1078
id33582,group_1078
id5498,group_1078
id69011,group_1078
id88988,group_1078
id75923,group_1079
id65081,group_108
id73110,group_108
id94408,group_108
id13995,group_1080
id21693,group_1081
id13114,group_1082
id66179,group_1083
id6537,group_1084
id47719,group_1085
id70306,group_1085
id81392,group_1085
id88794,group_1085
id56266,group_1086
id85419,group_1086
id91385,group_1086
id91486,group_1086
id90621,group_1087
id26363,group_1088
id83947,group_1089
id62171,group_109
id64438,group_1090
id29347,group_1091
id64376,group_1091
id60482,group_1092
id69186,group_1093
id73920,group_1093
id83064,group_1093
id99814,group_1094
id46217,group_1095
id14841,group_1096
id2160,group_1097
id19199,group_1098
id38937,group_1098
id68495,group_1098
id80054,group_1098
id36132,group_1099
id47410,group_1099
id66406,group_1099
id79300,group_1099
id19093,group_11
id28067,group_110
id79299,group_1100
id25919,group_1101
id11411,group_1102
id32446,group_1103
id38839,group_1103
id71797,group_1103
id77459,group_1103
id90376,group_1104
id33180,group_1105
id53366,group_1105
id54073,group_1105
id8484,group_1106
id59418,group_1107
id58591,group_1108
id19790,group_1109
id693,group_111
id22511,group_1110
id98576,group_1110
id69679,group_1111
id69911,group_1111
id84006,group_1111
id41388,group_1112
id47913,group_1113
id31791,group_1114
id54679,group_1115
id84788,group_1115
id82655,group_1116
id19860,group_1117
id38298,group_1118
id11955,group_1119
id20213,group_1119
id27923,group_1119
id83378,group_1119
id28911,group_112
id24003,group_1120
id48448,group_1120
id11246,group_1121
id42704,group_1121
id43906,group_1121
id88885,group_1121
id95692,group_1121
id3756,group_1122
id72387,group_1122
id82071,group_1122
id60207,group_1123
id3185,group_1124
id54172,group_1124
id3990,group_1125
id61967,group_1125
id46119,group_1126
id65087,group_1126
id65595,group_1126
id73408,group_1126
id17990,group_1127
id14084,group_1128
id28742,group_1128
id45739,group_1129
id6322,group_1129
id56262,group_113
id69171,group_113
id74134,group_1130
id92475,group_1131
id46526,group_1132
id62892,group_1132
id41944,group_1133
id84463,group_1134
id7973,group_1135
id9072,group_1136
id86953,group_1137
id95722,group_1138
id78854,group_1139
id92895,group_1139
id74083,group_114
id77479,group_1140
id98705,group_1141
id10703,group_1142
id40104,group_1142
id68069,group_1143
id83409,group_1143
id52805,group_1144
id75781,group_1145
id55701,group_1146
id33698,group_1147
id58335,group_1148
id99733,group_1148
id21034,group_1149
id79888,group_1149
id20293,group_115
id58795,group_1150
id74214,group_1150
id15659,group_1151
id94798,group_1151
id93780,group_1152
id41606,group_1153
id23253,group_1154
id23758,group_1154
id49958,group_1154
id58756,group_1154
id96500,group_1154
id45142,group_1155
id24274,group_1156
id38579,group_1156
id50743,group_1156
id41834,group_1157
id56570,group_1158
id73333,group_1159
id69463,group_116
id70498,group_116
id1190,group_1160
id7843,group_1160
id31695,group_1161
id5716,group_1161
id69348,group_1161
id76932,group_1161
id21050,group_1162
id46878,group_1162
id67217,group_1162
id92843,group_1163
id91930,group_1164
id44508,group_1165
id12099,group_1166
id47449,group_1167
id74515,group_1167
id10108,group_1168
id41031,group_1169
id31436,group_117
id33435,group_117
id45170,group_117
id93458,group_1170
id12158,group_1171
id8325,group_1172
id98592,group_1173
id60083,group_1174
id46960,group_1175
id48480,group_1176
id52296,group_1176
id78490,group_1177
id36061,group_1178
id56246,group_1179
id51061,group_118
id26236,group_1180
id37389,group_1181
id56543,group_1182
id73886,group_1183
id14009,group_1184
id12056,group_1185
id39517,group_1186
id53903,group_1187
id84506,group_1188
id82143,group_1189
id88350,group_119
id64315,group_1190
id68458,group_1190
id23972,group_1191
id61391,group_1192
id7177,group_1193
id48774,group_1194
id88158,group_1195
id70311,group_1196
id26789,group_1197
id30876,group_1198
id53764,group_1198
id6942,group_1198
id11154,group_1199
id42249,group_12
id69817,group_12
id5110,group_120
id37489,group_1200
id28681,group_1201
id59877,group_1202
id38100,group_1203
id69372,group_1203
id22980,group_1204
id48639,group_1205
id9180,group_1206
id59467,group_1207
id94987,group_1208
id75985,group_1209
id80038,group_1209
id19139,group_121
id9171,group_121
id61195,group_1210
id89677,group_1211
id96282,group_1212
id36530,group_1213
id77044,group_1213
id76276,group_1214
id39042,group_1215
id65962,group_1215
id88941,group_1215
id59763,group_1216
id60891,group_1216
id86293,group_1216
id86346,group_1216
id90086,group_1217
id91274,group_1218
id47488,group_1219
id96242,group_1219
id22741,group_122
id26038,group_122
id55896,group_122
id58222,group_122
id79016,group_122
id30571,group_1220
id44621,group_1221
id35716,group_1222
id36629,group_1222
id11434,group_1223
id16284,group_1223
id26851,group_1223
id47425,group_1223
id2007,group_1224
id26014,group_1225
id35121,group_1226
id48588,group_1226
id79383,group_1226
id10578,group_1227
id30438,group_1228
id1236,group_1229
id72498,group_1229
id15764,group_123
id23087,group_123
id8891,group_1230
id76821,group_1231
id4615,group_1232
id42473,group_1233
id58214,group_1233
id636,group_1233
id34862,group_1234
id47759,group_1235
id83403,group_1235
id10847,group_1236
id69800,group_1236
id7700,group_1236
id8447,group_1236
id22006,group_1237
id22662,group_1237
id307,group_1237
id70676,group_1238
id86084,group_1238
id3359,group_1239
id75563,group_1239
id77087,group_1239
id28131,group_124
id48980,group_124
id92884,group_124
id96449,group_1240
id13253,group_1241
id20290,group_1242
id93909,group_1242
id25780,group_1243
id94550,group_1243
id12424,group_1244
id35458,group_1245
id11021,group_1246
id27454,group_1247
id43587,group_1247
id46281,group_1247
id39001,group_1248
id4118,group_1248
id48788,group_1249
id766,group_125
id42603,group_1250
id73702,group_1250
id47210,group_1251
id92861,group_1252
id45596,group_1253
id84201,group_1253
id20333,group_1254
id91466,group_1255
id62611,group_1256
id7373,group_1256
id88063,group_1256
id31479,group_1257
id53392,group_1257
id98458,group_1257
id22348,group_1258
id53804,group_1259
id30433,group_126
id4502,group_1260
id81393,group_1260
id91866,group_1260
id10762,group_1261
id18097,group_1262
id35639,group_1262
id71534,group_1262
id84532,group_1262
id25957,group_1263
id2656,group_1263
id4602,group_1263
id38360,group_1264
id60497,group_1265
id98147,group_1265
id73113,group_1266
id31827,group_1267
id1576,group_1268
id29531,group_1268
id38877,group_1268
id9055,group_1268
id57948,group_1269
id20649,group_127
id25347,group_127
id27915,group_127
id51657,group_127
id65794,group_127
id86933,group_1270
id96966,group_1271
id99434,group_1272
id69125,group_1273
id83113,group_1274
id13747,group_1275
id71805,group_1275
id22608,group_1276
id26098,group_1276
id30738,group_1276
id32683,group_1276
id21092,group_1277
id67412,group_1278
id40821,group_1279
id42046,group_128
id18824,group_1280
id35972,group_1280
id70517,group_1280
id76715,group_1280
id79709,group_1281
id4402,group_1282
id90716,group_1282
id25553,group_1283
id35744,group_1284
id47127,group_1284
id26208,group_1285
id97201,group_1285
id67798,group_1286
id2295,group_1287
id34667,group_1287
id80305,group_1287
id23355,group_1288
id3376,group_1288
id41611,group_1288
id9935,group_1288
id26602,group_1289
id98214,group_129
id6118,group_1290
id82292,group_1290
id94409,group_1290
id35411,group_1291
id78018,group_1292
id85840,group_1293
id43892,group_1294
id47856,group_1294
id73361,group_1294
id85703,group_1294
id44376,group_1295
id74900,group_1296
id89540,group_1296
id75663,group_1297
id85340,group_1298
id19533,group_1299
id3326,group_1299
id71409,group_13
id10495,group_130
id62328,group_130
id95183,group_1300
id32944,group_1301
id29235,group_1302
id57745,group_1302
id71033,group_1302
id38541,group_1303
id56330,group_1304
id81652,group_1305
id65066,group_1306
id75541,group_1306
id21587,group_1307
id44527,group_1308
id75182,group_1308
id15782,group_1309
id87414,group_1309
id74525,group_131
id13425,group_1310
id43884,group_1311
id68856,group_1312
id89239,group_1313
id38578,group_1314
id67612,group_1315
id80557,group_1316
id11239,group_1317
id37877,group_1318
id56913,group_1318
id57051,group_1318
id60476,group_1318
id44966,group_1319
id13593,group_132
id79219,group_1320
id22943,group_1321
id42100,group_1322
id83741,group_1323
id19733,group_1324
id64971,group_1324
id51827,group_1325
id2094,group_1326
id27333,group_1326
id4803,group_1327
id68089,group_1327
id83396,group_1327
id80872,group_1328
id22633,group_1329
id6413,group_133
id89808,group_1330
id36017,group_1331
id20626,group_1332
id55562,group_1333
id21748,group_1334
id23445,group_1334
id51109,group_1334
id60120,group_1334
id25109,group_1335
id71004,group_1336
id62995,group_1337
id1630,group_1338
id78346,group_1338
id74311,group_1339
id29860,group_134
id21241,group_1340
id88154,group_1340
id3396,group_1341
id14124,group_1342
id38288,group_1342
id47725,group_1343
id35513,group_1344
id73601,group_1345
id32034,group_1346
id99241,group_1347
id28240,group_1348
id18704,group_1349
id37554,group_1349
id85146,group_1349
id32423,group_135
id44378,group_135
id30527,group_1350
id62404,group_1350
id1818,group_1351
id3456,group_1352
id47035,group_1353
id17769,group_1354
id47220,group_1354
id7281,group_1354
id49995,group_1355
id63219,group_1356
id2084,group_1357
id8154,group_1357
id82664,group_1357
id85138,group_1358
id19354,group_1359
id25127,group_136
id47048,group_1360
id34192,group_1361
id78037,group_1361
id23786,group_1362
id23630,group_1363
id55310,group_1364
id60795,group_1365
id15419,group_1366
id84343,group_1367
id21060,group_1368
id75547,group_1368
id83139,group_1368
id56277,group_1369
id74131,group_1369
id35462,group_137
id98450,group_1370
id18259,group_1371
id81854,group_1371
id33922,group_1372
id34901,group_1373
id41660,group_1374
id23804,group_1375
id35230,group_1376
id83840,group_1377
id21211,group_1378
id81936,group_1378
id33154,group_1379
id34305,group_1379
id89713,group_1379
id90874,group_1379
id21419,group_138
id21239,group_1380
id3214,group_1381
id58689,group_1382
id40005,group_1383
id11392,group_1384
id15565,group_1384
id75496,group_1385
id78045,group_1386
id97151,group_1387
id16199,group_1388
id38374,group_1389
id73454,group_1389
id35252,group_139
id6524,group_1390
id42357,group_1391
id18235,group_1392
id38446,group_1392
id39142,group_1392
id9870,group_1392
id49182,group_1393
id59249,group_1393
id25534,group_1394
id3861,group_1395
id97414,group_1395
id96605,group_1396
id85812,group_1397
id95423,group_1398
id37654,group_1399
id79860,group_1399
id75850,group_14
id1216,group_140
id41845,group_140
id13562,group_1400
id63297,group_1401
id88225,group_1401
id33521,group_1402
id51691,group_1402
id63226,group_1403
id68197,group_1404
id85175,group_1404
id10910,group_1405
id11192,group_1405
id81404,group_1405
id9488,group_1405
id29174,group_1406
id77707,group_1406
id50890,group_1407
id57962,group_1407
id4107,group_1408
id41828,group_1409
id49759,group_141
id38859,group_1410
id82802,group_1410
id57524,group_1411
id65088,group_1411
id83035,group_1411
id94392,group_1411
id19158,group_1412
id32685,group_1412
id4550,group_1412
id50456,group_1412
id68222,group_1412
id61660,group_1413
id71779,group_1414
id9340,group_1414
id4852,group_1415
id14040,group_1416
id28392,group_1416
id93304,group_1416
id61324,group_1417
id64580,group_1417
id40100,group_1418
id68227,group_1419
id36992,group_142
id81346,group_142
id57700,group_1420
id25789,group_1421
id63406,group_1422
id15719,group_1423
id11038,group_1424
id74840,group_1424
id51785,group_1425
id38674,group_1426
id66478,group_1426
id91123,group_1426
id26711,group_1427
id32785,group_1427
id44283,group_1427
id67570,group_1428
id74322,group_1429
id25258,group_143
id86220,group_143
id13826,group_1430
id68739,group_1431
id79909,group_1432
id33496,group_1433
id4276,group_1433
id26505,group_1434
id33047,group_1435
id37828,group_1435
id9744,group_1435
id64682,group_1436
id92105,group_1437
id40886,group_1438
id6653,group_1438
id86384,group_1439
id42801,group_144
id34617,group_1440
id3465,group_1441
id49755,group_1442
id54353,group_1443
id61975,group_1443
id98303,group_1443
id74265,group_1444
id35505,group_1445
id17173,group_1446
id25999,group_1447
id89833,group_1447
id92886,group_1447
id11738,group_1448
id43056,group_1448
id83211,group_1448
id27200,group_1449
id36879,group_145
id23966,group_1450
id75022,group_1451
id92977,group_1451
id41853,group_1452
id17152,group_1453
id76595,group_1454
id68736,group_1455
id4247,group_1456
id64121,group_1457
id72759,group_1457
id73143,group_1458
id23662,group_1459
id21350,group_146
id36850,group_146
id45056,group_146
id92785,group_146
id18696,group_1460
id13009,group_1461
id41439,group_1461
id92400,group_1461
id98807,group_1462
id94575,group_1463
id54985,group_1464
id785,group_1465
id92215,group_1466
id56108,group_1467
id27671,group_1468
id15644,group_1469
id79180,group_147
id82037,group_147
id90473,group_147
id81943,group_1470
id95756,group_1470
id56783,group_1471
id60416,group_1472
id72363,group_1473
id66588,group_1474
id12087,group_1475
id80447,group_1476
id32019,group_1477
id37465,group_1478
id18880,group_1479
id34419,group_1479
id68284,group_1479
id52090,group_148
id13475,group_1480
id55393,group_1480
id15044,group_1481
id70568,group_1481
id46758,group_1482
id15088,group_1483
id33537,group_1484
id35645,group_1484
id31887,group_1485
id13126,group_1486
id57904,group_1486
id97904,group_1486
id72380,group_1487
id20494,group_1488
id49317,group_1489
id2074,group_149
id14979,group_1490
id80292,group_1491
id27725,group_1492
id23998,group_1493
id54082,group_1493
id63623,group_1493
id88458,group_1493
id49053,group_1494
id16287,group_1495
id11111,group_1496
id91397,group_1497
id63079,group_1498
id4687,group_1499
id93380,group_1499
id35391,group_15
id44081,group_15
id49626,group_15
id79608,group_15
id91555,group_15
id9516,group_15
id16022,group_150
id42450,group_1500
id1760,group_1501
id76845,group_1502
id63641,group_1503
id66103,group_1503
id94834,group_1503
id96009,group_1503
id93565,group_1504
id26289,group_1505
id59270,group_1506
id75560,group_1507
id21109,group_1508
id62395,group_1508
id8966,group_1508
id93732,group_1508
id9439,group_1509
id54917,group_151
id92029,group_1510
id77058,group_1511
id18064,group_1512
id69593,group_1513
id17343,group_1514
id35335,group_1514
id76425,group_1514
id61317,group_1515
id55872,group_1516
id57040,group_1517
id16615,group_1518
id61762,group_1519
id34393,group_152
id5215,group_152
id83423,group_152
id22624,group_1520
id89489,group_1521
id43582,group_1522
id61197,group_1522
id23711,group_1523
id87514,group_1524
id78201,group_1525
id6284,group_1526
id63654,group_1527
id98309,group_1527
id46903,group_1528
id23891,group_1529
id41908,group_153
id83801,group_153
id17724,group_1530
id80166,group_1531
id60252,group_1532
id90207,group_1533
id18523,group_1534
id86066,group_1534
id26049,group_1535
id15602,group_1536
id5308,group_1536
id87174,group_1537
id60860,group_1538
id72263,group_1539
id1424,group_154
id23708,group_1540
id61822,group_1540
id96814,group_1541
id18527,group_1542
id58015,group_1542
id6454,group_1542
id83645,group_1542
id53519,group_1543
id50847,group_1544
id35446,group_1545
id52920,group_1545
id40551,group_1546
id76860,group_1546
id1559,group_1547
id22185,group_1547
id41982,group_1548
id70722,group_1548
id54314,group_1549
id79356,group_1549
id67820,group_155
id96974,group_1550
id87436,group_1551
id24802,group_1552
id10307,group_1553
id32142,group_1554
id41103,group_1555
id15103,group_1556
id30053,group_1557
id46946,group_1557
id12556,group_1558
id23845,group_1559
id10315,group_156
id27842,group_156
id7600,group_156
id14547,group_1560
id42514,group_1561
id92424,group_1561
id18441,group_1562
id4805,group_1563
id22177,group_1564
id43600,group_1564
id59966,group_1564
id49215,group_1565
id73663,group_1566
id1023,group_1567
id35941,group_1567
id32479,group_1568
id29299,group_1569
id48797,group_1569
id54495,group_157
id47844,group_1570
id90995,group_1571
id56569,group_1572
id68183,group_1573
id32104,group_1574
id14364,group_1575
id41788,group_1575
id60664,group_1575
id42588,group_1576
id28057,group_1577
id64923,group_1578
id63972,group_1579
id47693,group_158
id61790,group_158
id90291,group_1580
id25813,group_1581
id15968,group_1582
id63980,group_1582
id95747,group_1582
id40423,group_1583
id33920,group_1584
id5802,group_1585
id86375,group_1586
id10515,group_1587
id20161,group_1587
id33099,group_1587
id7523,group_1587
id78720,group_1587
id88514,group_1588
id91828,group_1589
id34803,group_159
id32971,group_1590
id8519,group_1591
id97436,group_1592
id57149,group_1593
id35428,group_1594
id61132,group_1594
id28158,group_1595
id44607,group_1596
id14853,group_1597
id25807,group_1598
id12524,group_1599
id61298,group_1599
id26266,group_16
id72109,group_160
id12306,group_1600
id15720,group_1601
id8376,group_1602
id51354,group_1603
id98348,group_1604
id98886,group_1605
id75110,group_1606
id7646,group_1607
id98972,group_1607
id50457,group_1608
id35643,group_1609
id32011,group_161
id37513,group_161
id96268,group_161
id99125,group_161
id59581,group_1610
id92902,group_1611
id1196,group_1612
id30855,group_1613
id93325,group_1613
id99867,group_1613
id21177,group_1614
id29579,group_1615
id27190,group_1616
id68956,group_1617
id84234,group_1618
id41197,group_1619
id29534,group_162
id25224,group_1620
id27829,group_1620
id30570,group_1620
id67529,group_1620
id95189,group_1620
id1797,group_1621
id43085,group_1622
id67589,group_1623
id76762,group_1623
id55655,group_1624
id7066,group_1625
id93845,group_1626
id73516,group_1627
id74264,group_1627
id11925,group_1628
id77704,group_1629
id57621,group_163
id83781,group_163
id50237,group_1630
id17076,group_1631
id66327,group_1631
id99603,group_1632
id42494,group_1633
id50094,group_1634
id91482,group_1634
id93770,group_1634
id55388,group_1635
id35670,group_1636
id71953,group_1637
id94419,group_1638
id26265,group_1639
id39806,group_1639
id63034,group_1639
id97680,group_1639
id29715,group_164
id35143,group_1640
id32239,group_1641
id93474,group_1641
id56197,group_1642
id67648,group_1643
id32475,group_1644
id11823,group_1645
id12692,group_1646
id3260,group_1646
id49770,group_1647
id65356,group_1647
id95087,group_1647
id49156,group_1648
id46404,group_1649
id13245,group_165
id77101,group_165
id49079,group_1650
id74417,group_1651
id84699,group_1651
id12703,group_1652
id21089,group_1653
id69444,group_1654
id35301,group_1655
id95140,group_1655
id55702,group_1656
id84361,group_1656
id50363,group_1657
id66491,group_1658
id90250,group_1659
id34927,group_166
id81168,group_166
id90519,group_1660
id71174,group_1661
id51137,group_1662
id81588,group_1662
id36828,group_1663
id49071,group_1664
id45780,group_1665
id15978,group_1666
id73681,group_1666
id58154,group_1667
id21268,group_1668
id39678,group_1668
id80956,group_1668
id16538,group_1669
id18560,group_167
id13089,group_1670
id39702,group_1671
id72005,group_1672
id54832,group_1673
id67678,group_1674
id93676,group_1675
id51805,group_1676
id59766,group_1676
id34511,group_1677
id41672,group_1678
id94978,group_1679
id58093,group_168
id42798,group_1680
id22111,group_1681
id29930,group_1682
id56658,group_1683
id36135,group_1684
id39213,group_1685
id56103,group_1686
id10231,group_1687
id83850,group_1688
id63983,group_1689
id11697,group_169
id86535,group_1690
id48099,group_1691
id35367,group_1692
id4973,group_1692
id60560,group_1692
id77391,group_1692
id13420,group_1693
id14714,group_1693
id77963,group_1694
id79428,group_1695
id36219,group_1696
id77561,group_1696
id87289,group_1696
id29316,group_1697
id36147,group_1698
id26951,group_1699
id31634,group_1699
id93877,group_1699
id15812,group_17
id69936,group_17
id24001,group_170
id59914,group_170
id79093,group_1700
id6502,group_1701
id77331,group_1702
id97627,group_1703
id99283,group_1703
id99956,group_1703
id51113,group_1704
id80080,group_1705
id47494,group_1706
id29207,group_1707
id29361,group_1708
id69169,group_1709
id5819,group_171
id59631,group_171
id67895,group_1710
id86562,group_1711
id67443,group_1712
id38576,group_1713
id41392,group_1713
id48069,group_1713
id18077,group_1714
id52096,group_1714
id60422,group_1714
id7546,group_1714
id77858,group_1714
id57867,group_1715
id12383,group_1716
id4595,group_1716
id80633,group_1716
id71118,group_1717
id87614,group_1718
id55555,group_1719
id58066,group_172
id74016,group_1720
id35500,group_1721
id79413,group_1721
id79596,group_1721
id7668,group_1722
id19636,group_1723
id42973,group_1724
id75961,group_1725
id16381,group_1726
id92906,group_1727
id98055,group_1728
id43029,group_1729
id75209,group_1729
id43365,group_173
id95246,group_173
id56636,group_1730
id22750,group_1731
id50486,group_1732
id24406,group_1733
id42846,group_1734
id86399,group_1735
id45746,group_1736
id79176,group_1737
id57120,group_1738
id38167,group_1739
id96239,group_174
id6874,group_1740
id92621,group_1741
id68363,group_1742
id91578,group_1742
id10412,group_1743
id75858,group_1743
id70409,group_1744
id7316,group_1744
id61365,group_1745
id16328,group_1746
id84062,group_1746
id82889,group_1747
id18072,group_1748
id23294,group_1749
id4708,group_175
id82747,group_175
id93653,group_175
id45997,group_1750
id62872,group_1751
id5179,group_1752
id60659,group_1752
id88662,group_1752
id97325,group_1752
id57191,group_1753
id76388,group_1753
id29559,group_1754
id9126,group_1755
id94505,group_1755
id86448,group_1756
id73173,group_1757
id42690,group_1758
id55977,group_1759
id93708,group_176
id2310,group_1760
id98555,group_1761
id15793,group_1762
id6320,group_1763
id82595,group_1764
id6801,group_1765
id28189,group_1766
id71839,group_1767
id8259,group_1767
id69479,group_1768
id31991,group_1769
id42566,group_177
id69050,group_177
id71521,group_177
id82627,group_177
id15000,group_1770
id36388,group_1771
id23530,group_1772
id46413,group_1773
id38947,group_1774
id53005,group_1775
id26410,group_1776
id95021,group_1776
id99200,group_1777
id58149,group_1778
id52409,group_1779
id38707,group_178
id71016,group_178
id9297,group_178
id30960,group_1780
id73507,group_1780
id62211,group_1781
id77342,group_1782
id93568,group_1783
id4417,group_1784
id99000,group_1785
id40993,group_1786
id66336,group_1787
id77172,group_1788
id14855,group_1789
id24534,group_179
id99617,group_1790
id14752,group_1791
id27540,group_1792
id89216,group_1793
id10853,group_1794
id32388,group_1794
id47863,group_1794
id78512,group_1795
id32220,group_1796
id28300,group_1797
id12937,group_1798
id58706,group_1799
id31924,group_18
id55782,group_180
id16784,group_1800
id89456,group_1801
id43795,group_1802
id40224,group_1803
id23341,group_1804
id27455,group_1804
id39758,group_1804
id13345,group_1805
id20178,group_1805
id46298,group_1805
id79199,group_1805
id14593,group_1806
id70675,group_1806
id88950,group_1806
id62876,group_1807
id2496,group_1808
id44424,group_1809
id57355,group_181
id66371,group_181
id78335,group_181
id86697,group_1810
id17034,group_1811
id31686,group_1812
id62519,group_1812
id91244,group_1812
id47295,group_1813
id94357,group_1813
id95905,group_1813
id19908,group_1814
id59752,group_1815
id12689,group_1816
id30813,group_1817
id29437,group_1818
id97195,group_1818
id5971,group_1819
id45656,group_182
id95260,group_182
id97755,group_182
id29988,group_1820
id65992,group_1820
id32369,group_1821
id46140,group_1822
id1373,group_1823
id29129,group_1823
id88333,group_1823
id51772,group_1824
id8017,group_1824
id66407,group_1825
id58169,group_1826
id18359,group_1827
id45122,group_1827
id81999,group_1827
id94221,group_1827
id74775,group_1828
id36845,group_1829
id16838,group_183
id56880,group_183
id78988,group_183
id59245,group_1830
id44167,group_1831
id19516,group_1832
id27931,group_1832
id66428,group_1832
id16830,group_1833
id98110,group_1833
id27548,group_1834
id56517,group_1835
id69270,group_1836
id84431,group_1836
id56380,group_1837
id22422,group_1838
id1389,group_1839
id65267,group_184
id89009,group_184
id20779,group_1840
id6997,group_1840
id4824,group_1841
id14579,group_1842
id67751,group_1843
id47258,group_1844
id97907,group_1845
id49621,group_1846
id75118,group_1847
id32949,group_1848
id92005,group_1849
id18515,group_185
id67583,group_1850
id66202,group_1851
id9493,group_1851
id8643,group_1852
id13670,group_1853
id80210,group_1854
id92794,group_1855
id55667,group_1856
id1542,group_1857
id77992,group_1858
id1470,group_1859
id92505,group_1859
id13821,group_186
id51423,group_186
id35794,group_1860
id51626,group_1861
id67791,group_1862
id95522,group_1863
id29504,group_1864
id58395,group_1865
id12008,group_1866
id15668,group_1866
id7050,group_1867
id26446,group_1868
id45923,group_1868
id54789,group_1868
id90379,group_1869
id7906,group_187
id16749,group_1870
id50027,group_1870
id53357,group_1871
id71960,group_1871
id76408,group_1871
id73902,group_1872
id28435,group_1873
id12697,group_1874
id3171,group_1875
id77987,group_1875
id7485,group_1876
id56673,group_1877
id86628,group_1878
id8905,group_1878
id96065,group_1879
id98474,group_1879
id99613,group_1879
id19945,group_188
id15665,group_1880
id482,group_1880
id60394,group_1880
id68072,group_1880
id40882,group_1881
id68408,group_1882
id15687,group_1883
id60046,group_1883
id86200,group_1883
id66739,group_1884
id63140,group_1885
id8194,group_1885
id68963,group_1886
id1979,group_1887
id48300,group_1887
id79259,group_1887
id21854,group_1888
id68596,group_1888
id6642,group_1889
id76351,group_1889
id14146,group_189
id53233,group_189
id74888,group_189
id13530,group_1890
id45595,group_1891
id86915,group_1892
id18809,group_1893
id7541,group_1894
id32207,group_1895
id56988,group_1896
id39345,group_1897
id70559,group_1898
id88214,group_1899
id20644,group_19
id85545,group_190
id83758,group_1900
id25972,group_1901
id50430,group_1901
id826,group_1902
id1802,group_1903
id39520,group_1904
id9140,group_1904
id64378,group_1905
id70170,group_1906
id13135,group_1907
id4551,group_1908
id66666,group_1908
id52350,group_1909
id2226,group_191
id38026,group_191
id44434,group_191
id8297,group_191
id85756,group_191
id12908,group_1910
id19892,group_1911
id96167,group_1912
id82161,group_1913
id48038,group_1914
id41733,group_1915
id48383,group_1916
id57288,group_1916
id76727,group_1916
id97580,group_1916
id98572,group_1916
id76802,group_1917
id60461,group_1918
id6224,group_1918
id56231,group_1919
id68152,group_1919
id92462,group_1919
id45245,group_192
id46222,group_192
id7733,group_192
id6783,group_1920
id32404,group_1921
id41309,group_1922
id31065,group_1923
id17162,group_1924
id35310,group_1924
id22733,group_1925
id5441,group_1925
id69714,group_1926
id17840,group_1927
id86662,group_1928
id84342,group_1929
id91998,group_1929
id16959,group_193
id40875,group_193
id62286,group_193
id9672,group_193
id50216,group_1930
id50714,group_1931
id42540,group_1932
id68558,group_1932
id1177,group_1933
id28119,group_1934
id96366,group_1934
id95012,group_1935
id63237,group_1936
id51993,group_1937
id92427,group_1938
id14430,group_1939
id55880,group_1939
id31127,group_194
id58974,group_194
id65040,group_194
id89090,group_194
id66784,group_1940
id11719,group_1941
id51925,group_1941
id95773,group_1942
id17941,group_1943
id86068,group_1944
id62950,group_1945
id23190,group_1946
id75087,group_1947
id45269,group_1948
id82612,group_1949
id80576,group_195
id90815,group_195
id3673,group_1950
id51359,group_1951
id69965,group_1952
id3595,group_1953
id71373,group_1953
id70429,group_1954
id3856,group_1955
id42273,group_1956
id43227,group_1957
id85578,group_1958
id77923,group_1959
id8923,group_1959
id6374,group_196
id58544,group_1960
id38655,group_1961
id49698,group_1962
id22966,group_1963
id57113,group_1964
id11418,group_1965
id41527,group_1965
id64150,group_1965
id97928,group_1966
id22413,group_1967
id54386,group_1967
id87830,group_1967
id45239,group_1968
id15583,group_1969
id71879,group_1969
id3948,group_197
id64595,group_197
id91701,group_197
id54702,group_1970
id63614,group_1971
id5069,group_1972
id2658,group_1973
id55895,group_1974
id75711,group_1974
id53675,group_1975
id64550,group_1976
id31880,group_1977
id34753,group_1977
id4389,group_1977
id93101,group_1977
id79139,group_1978
id85940,group_1979
id90259,group_198
id63108,group_1980
id65822,group_1981
id65970,group_1982
id83328,group_1983
id37884,group_1984
id1087,group_1985
id61001,group_1985
id86890,group_1986
id82403,group_1987
id28431,group_1988
id37227,group_1989
id28504,group_199
id3652,group_1990
id78382,group_1990
id3173,group_1991
id7624,group_1992
id86544,group_1992
id22215,group_1993
id70668,group_1994
id76071,group_1995
id11413,group_1996
id84598,group_1996
id18126,group_1997
id4583,group_1998
id118,group_1999
id34838,group_1999
id55593,group_1999
id64831,group_2
id98021,group_2
id37442,group_20
id48263,group_20
id48230,group_200
id21533,group_2000
id74424,group_2001
id64782,group_2002
id36552,group_2003
id82084,group_2003
id5573,group_2004
id88626,group_2005
id6432,group_2006
id64,group_2007
id34575,group_2008
id32282,group_2009
id61913,group_2009
id21312,group_201
id92825,group_2010
id36188,group_2011
id82912,group_2012
id48499,group_2013
id11847,group_2014
id5557,group_2014
id78800,group_2014
id12321,group_2015
id90059,group_2015
id61185,group_2016
id94011,group_2017
id94600,group_2017
id21121,group_2018
id9201,group_2019
id18325,group_202
id82521,group_202
id80769,group_2020
id17893,group_2021
id62767,group_2022
id26313,group_2023
id42114,group_2023
id60802,group_2024
id842,group_2025
id54837,group_2026
id2757,group_2027
id22827,group_2028
id77783,group_2028
id64645,group_2029
id23215,group_203
id29940,group_203
id85920,group_2030
id65448,group_2031
id11368,group_2032
id15658,group_2032
id72392,group_2032
id4134,group_2033
id15074,group_2034
id11108,group_2035
id98639,group_2035
id37282,group_2036
id17652,group_2037
id52304,group_2038
id70518,group_2039
id21830,group_204
id89441,group_204
id93815,group_204
id36450,group_2040
id50348,group_2041
id20534,group_2042
id56238,group_2042
id89396,group_2043
id42400,group_2044
id45151,group_2045
id76582,group_2045
id75066,group_2046
id80683,group_2047
id69084,group_2048
id6780,group_2049
id83802,group_205
id86865,group_2050
id38223,group_2051
id9323,group_2052
id45486,group_2053
id73818,group_2054
id85093,group_2055
id11136,group_2056
id68167,group_2057
id47597,group_2058
id49336,group_2059
id14877,group_206
id27301,group_206
id39789,group_206
id37677,group_2060
id3644,group_2061
id39307,group_2062
id89360,group_2063
id51099,group_2064
id96241,group_2065
id61550,group_2066
id5417,group_2067
id8607,group_2068
id29246,group_2069
id50352,group_207
id80028,group_207
id98824,group_207
id46025,group_2070
id91491,group_2071
id24992,group_2072
id58896,group_2073
id74080,group_2073
id94411,group_2073
id20987,group_2074
id12966,group_2075
id39356,group_2076
id42841,group_2077
id28278,group_2078
id35349,group_2078
id56337,group_2078
id95199,group_2078
id71500,group_2079
id59530,group_208
id91928,group_2080
id48563,group_2081
id55586,group_2082
id28129,group_2083
id56867,group_2084
id42420,group_2085
id30717,group_2086
id58456,group_2087
id14508,group_2088
id69591,group_2089
id14442,group_209
id46782,group_209
id49092,group_209
id61152,group_2090
id47355,group_2091
id94695,group_2092
id34939,group_2093
id31794,group_2094
id62925,group_2095
id64340,group_2095
id47226,group_2096
id47399,group_2097
id31382,group_2098
id75617,group_2099
id41948,group_21
id11557,group_210
id84222,group_2100
id25471,group_2101
id59959,group_2101
id72104,group_2101
id93853,group_2101
id47854,group_2102
id47949,group_2103
id52111,group_2104
id44010,group_2105
id55067,group_2106
id55538,group_2107
id76513,group_2107
id14592,group_2108
id7221,group_2109
id18835,group_211
id21261,group_2110
id41412,group_2110
id9217,group_2110
id65248,group_2111
id67856,group_2112
id85312,group_2113
id7033,group_2114
id31889,group_2115
id36415,group_2116
id91782,group_2117
id18828,group_2118
id68234,group_2119
id77803,group_212
id83432,group_212
id23803,group_2120
id10527,group_2121
id80771,group_2121
id74728,group_2122
id1144,group_2123
id67358,group_2123
id87928,group_2124
id89805,group_2125
id35043,group_2126
id86694,group_2127
id31940,group_2128
id3384,group_2128
id41172,group_2128
id93891,group_2128
id3473,group_2129
id97269,group_2129
id7060,group_213
id970,group_213
id32009,group_2130
id62750,group_2131
id3020,group_2132
id53367,group_2133
id73881,group_2134
id74709,group_2135
id71147,group_2136
id79895,group_2137
id23807,group_2138
id3426,group_2138
id5613,group_2138
id16449,group_2139
id10805,group_214
id68901,group_2140
id38054,group_2141
id58233,group_2141
id67520,group_2142
id61284,group_2143
id31043,group_2144
id66695,group_2145
id37889,group_2146
id29414,group_2147
id4300,group_2147
id76492,group_2147
id83287,group_2147
id48103,group_2148
id77560,group_2149
id34466,group_215
id214,group_2150
id91070,group_2151
id65377,group_2152
id94747,group_2153
id3404,group_2154
id2739,group_2155
id45968,group_2155
id97300,group_2155
id96661,group_2156
id80852,group_2157
id52969,group_2158
id53742,group_2158
id14691,group_2159
id44460,group_216
id69917,group_2160
id12241,group_2161
id97359,group_2162
id76480,group_2163
id47998,group_2164
id87073,group_2165
id71453,group_2166
id78338,group_2166
id71958,group_2167
id70949,group_2168
id73919,group_2168
id95936,group_2169
id35050,group_217
id68438,group_217
id70720,group_217
id92200,group_217
id19458,group_2170
id53164,group_2170
id88816,group_2170
id75400,group_2171
id83582,group_2172
id57334,group_2173
id9273,group_2174
id22641,group_2175
id78738,group_2176
id74662,group_2177
id84164,group_2177
id34104,group_2178
id37635,group_2179
id47461,group_218
id26939,group_2180
id99876,group_2181
id97232,group_2182
id4982,group_2183
id77641,group_2183
id2006,group_2184
id21666,group_2185
id3084,group_2185
id42855,group_2186
id22828,group_2187
id42390,group_2187
id13667,group_2188
id21110,group_2189
id9883,group_2189
id92740,group_219
id96101,group_2190
id70587,group_2191
id83548,group_2192
id58007,group_2193
id50790,group_2194
id58088,group_2194
id44919,group_2195
id99575,group_2195
id10313,group_2196
id360,group_2196
id4594,group_2197
id6498,group_2198
id27676,group_2199
id77845,group_2199
id86081,group_2199
id43797,group_22
id34245,group_220
id19800,group_2200
id83025,group_2200
id8100,group_2201
id83011,group_2202
id26200,group_2203
id84737,group_2203
id91613,group_2204
id22849,group_2205
id18402,group_2206
id85771,group_2207
id33207,group_2208
id5116,group_2209
id20020,group_221
id49419,group_2210
id3843,group_2211
id27628,group_2212
id47921,group_2212
id77915,group_2212
id80288,group_2213
id2062,group_2214
id89759,group_2215
id90411,group_2216
id24637,group_2217
id8498,group_2218
id11855,group_2219
id68379,group_2219
id48205,group_222
id62855,group_2220
id99093,group_2221
id5768,group_2222
id40259,group_2223
id81205,group_2224
id57032,group_2225
id1147,group_2226
id46761,group_2227
id58164,group_2227
id96244,group_2227
id38257,group_2228
id31830,group_2229
id79619,group_223
id82148,group_223
id80740,group_2230
id9860,group_2230
id40075,group_2231
id40127,group_2232
id51574,group_2232
id88169,group_2232
id84197,group_2233
id32901,group_2234
id39684,group_2235
id16068,group_2236
id88402,group_2236
id79351,group_2237
id8708,group_2238
id66272,group_2239
id66498,group_2239
id46039,group_224
id27174,group_2240
id47643,group_2240
id86553,group_2241
id27249,group_2242
id53936,group_2243
id59085,group_2244
id64642,group_2245
id55172,group_2246
id18296,group_2247
id18366,group_2248
id6189,group_2249
id73642,group_2249
id21900,group_225
id67759,group_225
id82973,group_225
id70347,group_2250
id94822,group_2251
id39206,group_2252
id46272,group_2253
id5262,group_2254
id37141,group_2255
id20411,group_2256
id6328,group_2256
id65101,group_2256
id73626,group_2257
id17827,group_2258
id34280,group_2259
id54302,group_226
id80428,group_226
id82110,group_226
id35945,group_2260
id35881,group_2261
id12144,group_2262
id1131,group_2263
id55524,group_2264
id66634,group_2265
id18754,group_2266
id57339,group_2267
id6903,group_2267
id58903,group_2268
id45224,group_2269
id48476,group_2269
id69063,group_2269
id76729,group_2269
id4983,group_227
id42229,group_2270
id70700,group_2271
id70295,group_2272
id85586,group_2273
id25766,group_2274
id79314,group_2275
id47456,group_2276
id30645,group_2277
id11881,group_2278
id95821,group_2279
id49367,group_228
id11860,group_2280
id52176,group_2280
id85102,group_2281
id15688,group_2282
id32715,group_2283
id89149,group_2284
id88757,group_2285
id96139,group_2285
id16886,group_2286
id61260,group_2287
id88533,group_2288
id93040,group_2289
id74754,group_229
id47158,group_2290
id90076,group_2291
id18623,group_2292
id94092,group_2292
id73524,group_2293
id61726,group_2294
id29809,group_2295
id65969,group_2296
id52520,group_2297
id34813,group_2298
id419,group_2299
id62094,group_23
id33864,group_230
id92173,group_2300
id21355,group_2301
id26420,group_2301
id58034,group_2301
id96396,group_2302
id17128,group_2303
id17636,group_2303
id49705,group_2303
id93626,group_2303
id67494,group_2304
id969,group_2304
id42938,group_2305
id68470,group_2306
id83762,group_2307
id2498,group_2308
id85238,group_2309
id21905,group_231
id49612,group_2310
id71845,group_2311
id75244,group_2311
id47207,group_2312
id4442,group_2313
id60423,group_2314
id33431,group_2315
id22884,group_2316
id90632,group_2316
id52235,group_2317
id38675,group_2318
id17916,group_2319
id11929,group_232
id35733,group_232
id36786,group_232
id51877,group_232
id60658,group_232
id98230,group_232
id11652,group_2320
id3417,group_2321
id66868,group_2322
id61309,group_2323
id50362,group_2324
id7377,group_2324
id85447,group_2325
id8233,group_2326
id34799,group_2327
id44022,group_2328
id10455,group_2329
id59408,group_2329
id24489,group_233
id30589,group_2330
id7680,group_2331
id38148,group_2332
id74334,group_2332
id63118,group_2333
id71602,group_2334
id31339,group_2335
id75386,group_2336
id79837,group_2336
id97654,group_2336
id6885,group_2337
id21366,group_2338
id85282,group_2338
id51172,group_2339
id97685,group_2339
id31967,group_234
id61561,group_2340
id40246,group_2341
id10449,group_2342
id98902,group_2343
id41880,group_2344
id71336,group_2344
id96296,group_2345
id62636,group_2346
id63556,group_2347
id46155,group_2348
id20694,group_2349
id1610,group_235
id23243,group_2350
id10022,group_2351
id6228,group_2351
id43015,group_2352
id90190,group_2353
id5436,group_2354
id37481,group_2355
id76516,group_2355
id95042,group_2356
id59205,group_2357
id61659,group_2357
id55303,group_2358
id99120,group_2359
id22517,group_236
id28675,group_236
id76852,group_2360
id90782,group_2361
id46270,group_2362
id82603,group_2363
id3319,group_2364
id28621,group_2365
id48695,group_2366
id64802,group_2367
id68148,group_2368
id40448,group_2369
id34885,group_237
id38468,group_237
id93662,group_2370
id62777,group_2371
id33228,group_2372
id93423,group_2373
id90107,group_2374
id91734,group_2375
id33925,group_2376
id48964,group_2376
id77269,group_2377
id54143,group_2378
id85988,group_2379
id138,group_238
id29149,group_2380
id58426,group_2381
id75027,group_2381
id76593,group_2381
id52776,group_2382
id23198,group_2383
id79307,group_2383
id20548,group_2384
id42821,group_2385
id98001,group_2385
id63907,group_2386
id46371,group_2387
id97025,group_2387
id96475,group_2388
id53645,group_2389
id17842,group_239
id25836,group_239
id28744,group_2390
id71468,group_2390
id7225,group_2390
id76665,group_2391
id91186,group_2391
id8642,group_2392
id21818,group_2393
id55699,group_2394
id95461,group_2395
id27633,group_2396
id44809,group_2396
id61638,group_2396
id59698,group_2397
id32528,group_2398
id49517,group_2398
id8428,group_2399
id32542,group_24
id99761,group_24
id12561,group_240
id15737,group_240
id98382,group_2400
id29807,group_2401
id50117,group_2401
id7092,group_2401
id45810,group_2402
id74532,group_2403
id72144,group_2404
id57956,group_2405
id40932,group_2406
id66747,group_2407
id415,group_2408
id68526,group_2409
id90408,group_241
id95404,group_2410
id73912,group_2411
id33114,group_2412
id88771,group_2413
id68897,group_2414
id99394,group_2415
id39327,group_2416
id47842,group_2417
id66843,group_2418
id89470,group_2418
id57617,group_2419
id62048,group_2419
id47025,group_242
id82550,group_242
id29465,group_2420
id20325,group_2421
id83658,group_2422
id22629,group_2423
id31597,group_2423
id73149,group_2423
id19509,group_2424
id24312,group_2425
id39022,group_2425
id89978,group_2425
id56439,group_2426
id36725,group_2427
id23979,group_2428
id29678,group_2429
id76339,group_243
id34560,group_2430
id35833,group_2430
id63936,group_2430
id92234,group_2430
id62603,group_2431
id81761,group_2432
id80315,group_2433
id87115,group_2434
id30815,group_2435
id94852,group_2436
id10817,group_2437
id17968,group_2438
id57742,group_2439
id34507,group_244
id63797,group_244
id81979,group_244
id2031,group_2440
id65222,group_2441
id19218,group_2442
id15848,group_2443
id78465,group_2443
id7718,group_2444
id54185,group_2445
id98273,group_2445
id10127,group_2446
id11316,group_2447
id10749,group_2448
id78977,group_2448
id5248,group_2449
id27318,group_245
id27794,group_2450
id95508,group_2450
id26683,group_2451
id40757,group_2451
id78204,group_2451
id82132,group_2452
id53990,group_2453
id95565,group_2453
id74874,group_2454
id63508,group_2455
id22280,group_2456
id32173,group_2457
id4506,group_2458
id89172,group_2459
id2986,group_246
id95233,group_2460
id24648,group_2461
id80324,group_2462
id58866,group_2463
id42395,group_2464
id9763,group_2465
id50806,group_2466
id52753,group_2466
id95561,group_2467
id19801,group_2468
id98679,group_2468
id6853,group_2469
id918,group_247
id50088,group_2470
id91903,group_2471
id9306,group_2472
id43667,group_2473
id99006,group_2474
id55882,group_2475
id1103,group_2476
id43533,group_2477
id59337,group_2478
id87440,group_2479
id1248,group_248
id61259,group_2480
id46455,group_2481
id20428,group_2482
id17776,group_2483
id86422,group_2483
id99487,group_2484
id97217,group_2485
id30230,group_2486
id56596,group_2487
id80944,group_2487
id81528,group_2488
id58213,group_2489
id66758,group_249
id97872,group_249
id62949,group_2490
id69242,group_2491
id6102,group_2492
id36614,group_2493
id75477,group_2494
id80699,group_2495
id59864,group_2496
id21534,group_2497
id61262,group_2497
id89459,group_2498
id68030,group_2499
id39008,group_25
id50971,group_250
id69375,group_250
id22380,group_2500
id75132,group_2501
id79842,group_2502
id68673,group_2503
id89341,group_2504
id77281,group_2505
id54764,group_2506
id1599,group_2507
id65698,group_2508
id83215,group_2509
id20996,group_251
id44178,group_251
id46962,group_251
id67329,group_251
id80476,group_251
id14062,group_2510
id77063,group_2511
id58821,group_2512
id29903,group_2513
id51331,group_2514
id80147,group_2515
id80900,group_2516
id33320,group_2517
id97930,group_2517
id47673,group_2518
id90623,group_2519
id59193,group_252
id11298,group_2520
id8237,group_2521
id18232,group_2522
id80606,group_2523
id42598,group_2524
id64065,group_2525
id41888,group_2526
id91717,group_2526
id88739,group_2527
id25704,group_2528
id91968,group_2528
id12878,group_2529
id12664,group_253
id18490,group_253
id29674,group_253
id43232,group_253
id86432,group_253
id62657,group_2530
id42549,group_2531
id78762,group_2532
id85448,group_2532
id44744,group_2533
id1860,group_2534
id24961,group_2535
id17405,group_2536
id20954,group_2537
id71928,group_2538
id25043,group_2539
id19308,group_254
id90606,group_254
id84742,group_2540
id40891,group_2541
id86666,group_2541
id41815,group_2542
id56524,group_2543
id86,group_2543
id27692,group_2544
id62478,group_2545
id30999,group_2546
id29961,group_2547
id13869,group_2548
id75318,group_2548
id44797,group_2549
id44863,group_255
id62347,group_255
id66487,group_2550
id34971,group_2551
id50542,group_2552
id62537,group_2553
id45436,group_2554
id37537,group_2555
id2891,group_2556
id5600,group_2556
id31456,group_2557
id87848,group_2557
id22032,group_2558
id7850,group_2559
id24787,group_256
id53418,group_256
id9347,group_256
id18981,group_2560
id4929,group_2560
id1520,group_2561
id75278,group_2562
id50670,group_2563
id15649,group_2564
id42820,group_2565
id51681,group_2566
id64274,group_2567
id29671,group_2568
id36025,group_2569
id74762,group_257
id91755,group_2570
id80358,group_2571
id76499,group_2572
id32208,group_2573
id76315,group_2574
id47851,group_2575
id43350,group_2576
id98430,group_2576
id17647,group_2577
id40213,group_2578
id96770,group_2579
id41034,group_258
id45896,group_258
id70283,group_2580
id20327,group_2581
id29895,group_2582
id8294,group_2583
id85768,group_2584
id63275,group_2585
id33236,group_2586
id6040,group_2587
id93648,group_2588
id10366,group_2589
id26636,group_259
id60852,group_259
id71574,group_259
id60057,group_2590
id92858,group_2591
id7422,group_2592
id88352,group_2593
id38883,group_2594
id55944,group_2595
id13461,group_2596
id56011,group_2597
id13579,group_2598
id50487,group_2599
id13185,group_26
id35608,group_260
id58825,group_260
id79116,group_2600
id34733,group_2601
id6937,group_2601
id58577,group_2602
id78098,group_2603
id18355,group_2604
id68816,group_2605
id36002,group_2606
id13976,group_2607
id98609,group_2608
id91905,group_2609
id36787,group_261
id78524,group_2610
id92782,group_2611
id47016,group_2612
id35750,group_2613
id53198,group_2614
id525,group_2615
id84073,group_2616
id19843,group_2617
id55578,group_2617
id82873,group_2618
id73806,group_2619
id42595,group_262
id12381,group_2620
id52813,group_2621
id53930,group_2622
id17711,group_2623
id40025,group_2624
id73826,group_2625
id44975,group_2626
id70167,group_2627
id91475,group_2628
id16943,group_2629
id25978,group_263
id20567,group_2630
id51256,group_2631
id33720,group_2632
id93164,group_2632
id14789,group_2633
id37469,group_2634
id85535,group_2635
id69440,group_2636
id47937,group_2637
id14449,group_2638
id84825,group_2639
id15756,group_264
id37626,group_264
id38353,group_264
id97482,group_264
id68372,group_2640
id3742,group_2641
id19081,group_2642
id95104,group_2643
id44499,group_2644
id86794,group_2645
id45438,group_2646
id59295,group_2647
id24266,group_2648
id1579,group_2649
id2554,group_265
id33820,group_265
id86315,group_265
id21697,group_2650
id88340,group_2651
id17601,group_2652
id39417,group_2653
id23793,group_2654
id13703,group_2655
id41882,group_2656
id16184,group_2657
id34766,group_2658
id57089,group_2659
id26631,group_266
id33937,group_266
id92678,group_266
id9833,group_266
id4179,group_2660
id50210,group_2661
id26734,group_2662
id14452,group_2663
id63116,group_2663
id49305,group_2664
id65613,group_2665
id16095,group_2666
id79036,group_2666
id62616,group_2667
id9018,group_2667
id82137,group_2668
id47133,group_2669
id17053,group_267
id15723,group_2670
id22400,group_2670
id66368,group_2671
id61335,group_2672
id4640,group_2673
id63482,group_2673
id68225,group_2673
id71909,group_2674
id16010,group_2675
id38248,group_2676
id16806,group_2677
id2875,group_2678
id31221,group_2679
id60486,group_268
id65435,group_268
id77735,group_268
id46794,group_2680
id30776,group_2681
id14606,group_2682
id24973,group_2682
id4302,group_2682
id92723,group_2682
id73967,group_2683
id76732,group_2684
id29481,group_2685
id92180,group_2686
id25432,group_2687
id77327,group_2688
id44463,group_2689
id95378,group_269
id89860,group_2690
id46134,group_2691
id78924,group_2691
id27090,group_2692
id33326,group_2693
id83874,group_2694
id51437,group_2695
id8849,group_2696
id96972,group_2697
id1108,group_2698
id1584,group_2699
id66425,group_27
id84573,group_270
id48285,group_2700
id54857,group_2701
id78235,group_2701
id3654,group_2702
id23903,group_2703
id68764,group_2704
id45745,group_2705
id98911,group_2706
id70411,group_2707
id12384,group_2708
id29517,group_2709
id38631,group_2709
id64204,group_271
id83169,group_2710
id16209,group_2711
id89175,group_2712
id24914,group_2713
id79507,group_2714
id53938,group_2715
id71184,group_2716
id94053,group_2717
id33610,group_2718
id99776,group_2719
id37844,group_272
id87608,group_272
id35647,group_2720
id37384,group_2721
id63934,group_2722
id4387,group_2723
id54683,group_2724
id43636,group_2725
id15127,group_2726
id66654,group_2727
id65769,group_2728
id15882,group_2729
id56344,group_273
id69109,group_273
id11600,group_2730
id57264,group_2731
id47745,group_2732
id86355,group_2733
id24288,group_2734
id76801,group_2735
id43969,group_2736
id84553,group_2737
id96688,group_2738
id87367,group_2739
id56365,group_274
id7543,group_2740
id85421,group_2741
id50633,group_2742
id77260,group_2742
id20768,group_2743
id53757,group_2744
id69596,group_2745
id86087,group_2746
id4132,group_2747
id86874,group_2748
id23856,group_2749
id3439,group_2749
id61592,group_2749
id65593,group_2749
id80197,group_275
id95474,group_2750
id99465,group_2751
id24647,group_2752
id89083,group_2753
id69908,group_2754
id39332,group_2755
id14932,group_2756
id74061,group_2757
id81552,group_2758
id34825,group_2759
id29166,group_276
id57957,group_276
id91057,group_276
id16761,group_2760
id615,group_2761
id57639,group_2762
id84814,group_2763
id54838,group_2764
id80858,group_2765
id16680,group_2766
id21765,group_2767
id34037,group_2768
id15372,group_2769
id36729,group_277
id54500,group_277
id85065,group_277
id84817,group_2770
id44170,group_2771
id55823,group_2772
id49902,group_2773
id34452,group_2774
id34348,group_2775
id57857,group_2776
id15683,group_2777
id15905,group_2778
id6563,group_2779
id19179,group_278
id94445,group_2780
id49231,group_2781
id69770,group_2782
id33191,group_2783
id34989,group_2783
id72138,group_2784
id23516,group_2785
id21589,group_2786
id80325,group_2787
id51932,group_2788
id98567,group_2788
id53442,group_2789
id29284,group_279
id34740,group_279
id36617,group_279
id69802,group_279
id23207,group_2790
id87198,group_2791
id74297,group_2792
id17654,group_2793
id44185,group_2794
id15819,group_2795
id19041,group_2796
id60656,group_2796
id79647,group_2796
id27892,group_2797
id12559,group_2798
id58827,group_2798
id60888,group_2799
id75888,group_28
id95568,group_28
id75736,group_280
id93674,group_280
id83662,group_2800
id52180,group_2801
id36811,group_2802
id54394,group_2803
id90341,group_2804
id91080,group_2805
id83013,group_2806
id26475,group_2807
id1754,group_2808
id11373,group_2809
id17927,group_281
id43363,group_281
id71051,group_281
id91965,group_281
id26178,group_2810
id51272,group_2810
id19364,group_2811
id11410,group_2812
id65651,group_2813
id46307,group_2814
id79422,group_2815
id35377,group_2816
id78259,group_2816
id650,group_2817
id19911,group_2818
id41451,group_2819
id25093,group_282
id66560,group_2820
id28608,group_2821
id29417,group_2821
id7605,group_2822
id69126,group_2823
id89940,group_2824
id90777,group_2825
id16770,group_2826
id24892,group_2827
id2397,group_2828
id968,group_2829
id81199,group_283
id70072,group_2830
id38381,group_2831
id52632,group_2832
id46091,group_2833
id49065,group_2834
id58315,group_2835
id18195,group_2836
id23263,group_2837
id95979,group_2838
id95412,group_2839
id21278,group_284
id51589,group_284
id99933,group_284
id75924,group_2840
id46769,group_2841
id586,group_2842
id63782,group_2843
id35015,group_2844
id87860,group_2845
id5197,group_2846
id45676,group_2847
id43615,group_2848
id70244,group_2849
id5623,group_285
id67567,group_285
id74769,group_285
id18225,group_2850
id84188,group_2851
id241,group_2852
id50337,group_2853
id87781,group_2854
id97287,group_2855
id18666,group_2856
id42195,group_2857
id91754,group_2857
id16082,group_2858
id45149,group_2859
id13339,group_286
id2644,group_286
id29684,group_286
id36102,group_286
id86313,group_2860
id80528,group_2861
id1683,group_2862
id27964,group_2862
id7476,group_2862
id30783,group_2863
id60176,group_2864
id61388,group_2865
id51235,group_2866
id23154,group_2867
id54404,group_2868
id68092,group_2868
id70362,group_2869
id62920,group_287
id72396,group_287
id21529,group_2870
id33221,group_2870
id36292,group_2870
id52468,group_2870
id41950,group_2871
id39933,group_2872
id88404,group_2872
id58402,group_2873
id11938,group_2874
id29268,group_2875
id13156,group_2876
id62695,group_2877
id44668,group_2878
id6548,group_2879
id21617,group_288
id31097,group_288
id39205,group_288
id89838,group_288
id50688,group_2880
id36026,group_2881
id95588,group_2882
id9505,group_2883
id57958,group_2884
id87502,group_2885
id88696,group_2886
id98595,group_2886
id63611,group_2887
id61214,group_2888
id28553,group_2889
id12334,group_289
id48753,group_2890
id89951,group_2891
id14111,group_2892
id89659,group_2893
id4185,group_2894
id91599,group_2895
id28175,group_2896
id60398,group_2897
id70342,group_2898
id61897,group_2899
id27492,group_29
id41599,group_290
id44121,group_290
id86565,group_290
id91167,group_290
id95694,group_2900
id98941,group_2901
id42539,group_2902
id71989,group_2903
id64616,group_2904
id66159,group_2904
id27266,group_2905
id89031,group_2906
id67493,group_2907
id71687,group_2908
id61131,group_2909
id68388,group_2909
id45615,group_291
id12619,group_2910
id90981,group_2910
id90253,group_2911
id79817,group_2912
id6770,group_2913
id15054,group_2914
id25089,group_2915
id58306,group_2916
id44709,group_2917
id32524,group_2918
id39574,group_2918
id74706,group_2918
id91947,group_2918
id25794,group_2919
id28662,group_292
id26810,group_2920
id69342,group_2921
id43720,group_2922
id46692,group_2923
id77757,group_2924
id54268,group_2925
id80343,group_2926
id2610,group_2927
id4512,group_2928
id90254,group_2928
id47956,group_2929
id39761,group_293
id57884,group_293
id61979,group_293
id75005,group_293
id2374,group_2930
id21080,group_2931
id30180,group_2932
id80757,group_2933
id72885,group_2934
id23073,group_2935
id12828,group_2936
id75252,group_2937
id85349,group_2938
id14071,group_2939
id54247,group_294
id8680,group_2940
id62931,group_2941
id29415,group_2942
id8593,group_2942
id10037,group_2943
id54984,group_2944
id83074,group_2945
id82069,group_2946
id36831,group_2947
id17530,group_2948
id8755,group_2949
id12660,group_295
id67942,group_295
id4996,group_2950
id77742,group_2951
id77841,group_2952
id20870,group_2953
id3650,group_2953
id47940,group_2953
id79249,group_2953
id97534,group_2953
id42472,group_2954
id88172,group_2955
id70121,group_2956
id61283,group_2957
id79672,group_2957
id878,group_2957
id52967,group_2958
id96905,group_2959
id23534,group_296
id68662,group_2960
id70611,group_2961
id28640,group_2962
id37414,group_2963
id77427,group_2964
id77078,group_2965
id66373,group_2966
id78200,group_2967
id33338,group_2968
id39157,group_2969
id30594,group_297
id62827,group_297
id14554,group_2970
id20621,group_2971
id88194,group_2971
id90773,group_2972
id5829,group_2973
id24441,group_2974
id54607,group_2975
id33744,group_2976
id88811,group_2977
id42732,group_2978
id83430,group_2979
id39054,group_298
id62472,group_298
id94524,group_298
id7697,group_2980
id51129,group_2981
id54426,group_2982
id76574,group_2983
id23904,group_2984
id9680,group_2985
id2211,group_2986
id64707,group_2987
id11639,group_2988
id20598,group_2989
id62325,group_299
id88043,group_2990
id39238,group_2991
id55463,group_2992
id48514,group_2993
id79148,group_2994
id55455,group_2995
id90335,group_2995
id71756,group_2996
id99352,group_2997
id35447,group_2998
id78006,group_2999
id12416,group_3
id85845,group_3
id24747,group_30
id29662,group_30
id4205,group_30
id80175,group_30
id66239,group_300
id98138,group_3000
id15650,group_3001
id2788,group_3002
id49346,group_3003
id10019,group_3004
id57105,group_3005
id86924,group_3006
id38499,group_3007
id96427,group_3008
id17177,group_3009
id56208,group_301
id27806,group_3010
id10704,group_3011
id13139,group_3012
id28716,group_3012
id23062,group_3013
id2766,group_3014
id99429,group_3015
id50366,group_3016
id84959,group_3017
id21841,group_3018
id4572,group_3019
id28862,group_302
id73624,group_302
id98579,group_302
id82852,group_3020
id59977,group_3021
id50676,group_3022
id41840,group_3023
id80361,group_3024
id96498,group_3024
id2667,group_3025
id8640,group_3026
id57304,group_3027
id55246,group_3028
id95662,group_3029
id89887,group_303
id28359,group_3030
id19522,group_3031
id95759,group_3032
id52721,group_3033
id57291,group_3033
id51162,group_3034
id48114,group_3035
id68637,group_3036
id26381,group_3037
id24672,group_3038
id96238,group_3039
id65496,group_304
id20053,group_3040
id1603,group_3041
id10956,group_3042
id91058,group_3043
id749,group_3044
id8088,group_3045
id31114,group_3046
id94201,group_3047
id41664,group_3048
id37947,group_3049
id60940,group_305
id79775,group_305
id95295,group_3050
id68817,group_3051
id48800,group_3052
id55326,group_3053
id17904,group_3054
id43818,group_3055
id55116,group_3056
id51808,group_3057
id37185,group_3058
id1511,group_3059
id83897,group_306
id25042,group_3060
id61321,group_3061
id91569,group_3062
id6738,group_3063
id43382,group_3064
id4694,group_3065
id35024,group_3066
id99102,group_3067
id88322,group_3068
id20931,group_3069
id76473,group_307
id7430,group_3070
id69610,group_3071
id77257,group_3072
id82191,group_3073
id76290,group_3074
id76142,group_3075
id13516,group_3076
id49809,group_3077
id37446,group_3078
id63497,group_3079
id236,group_308
id78118,group_308
id83659,group_308
id9843,group_308
id6018,group_3080
id2457,group_3081
id53434,group_3081
id55017,group_3082
id74099,group_3082
id50178,group_3083
id89726,group_3084
id77261,group_3085
id70481,group_3086
id12152,group_3087
id23182,group_3088
id70666,group_3089
id1436,group_309
id17356,group_309
id65871,group_309
id8318,group_309
id81655,group_3090
id87561,group_3091
id72370,group_3092
id70138,group_3093
id31103,group_3094
id92233,group_3095
id17765,group_3096
id58453,group_3097
id93937,group_3098
id2112,group_3099
id63332,group_31
id5703,group_310
id15738,group_3100
id63909,group_3101
id90293,group_3101
id54759,group_3102
id46048,group_3103
id8425,group_3104
id90084,group_3105
id75262,group_3106
id67295,group_3107
id44777,group_3108
id90973,group_3109
id29842,group_311
id7200,group_3110
id6104,group_3111
id73032,group_3112
id15446,group_3113
id47163,group_3114
id93468,group_3115
id22435,group_3116
id91141,group_3117
id56290,group_3118
id12792,group_3119
id25636,group_312
id4034,group_312
id50137,group_312
id94248,group_312
id39565,group_3120
id76607,group_3121
id99859,group_3122
id7775,group_3123
id33622,group_3124
id29277,group_3125
id48634,group_3126
id66328,group_3126
id1262,group_3127
id37602,group_3128
id71248,group_3129
id486,group_313
id12620,group_3130
id53280,group_3131
id94988,group_3132
id23927,group_3133
id84101,group_3134
id68300,group_3135
id60786,group_3136
id29191,group_3137
id4156,group_3138
id56152,group_3139
id52384,group_314
id52266,group_3140
id3995,group_3141
id63941,group_3142
id30496,group_3143
id69163,group_3144
id9654,group_3145
id11458,group_3146
id23658,group_3147
id27999,group_3148
id1949,group_3149
id30874,group_315
id76260,group_315
id75237,group_3150
id57753,group_3151
id68546,group_3152
id49186,group_3153
id66946,group_3153
id46056,group_3154
id394,group_3155
id91554,group_3156
id70132,group_3157
id71031,group_3158
id12514,group_3159
id40693,group_316
id47634,group_316
id51348,group_316
id57498,group_316
id67576,group_316
id98712,group_3160
id20619,group_3161
id82529,group_3162
id729,group_3163
id14601,group_3164
id78549,group_3165
id33116,group_3166
id26127,group_3167
id39110,group_3168
id599,group_3169
id75414,group_317
id43845,group_3170
id38296,group_3171
id69750,group_3172
id6579,group_3173
id80280,group_3174
id65838,group_3175
id27836,group_3176
id70563,group_3177
id80133,group_3178
id35105,group_3179
id42888,group_318
id94907,group_3180
id3801,group_3181
id23962,group_3182
id62517,group_3183
id17596,group_3184
id12518,group_3185
id28687,group_3186
id96051,group_3187
id43468,group_3188
id15771,group_3189
id68881,group_319
id4870,group_3190
id20673,group_3191
id5407,group_3192
id47659,group_3193
id52739,group_3194
id62685,group_3195
id44542,group_3196
id73814,group_3197
id9403,group_3198
id13399,group_3199
id10546,group_32
id78895,group_320
id51229,group_3200
id44868,group_3201
id26607,group_3202
id99610,group_3202
id2753,group_3203
id63884,group_3204
id44779,group_3205
id24158,group_3206
id28437,group_3207
id97950,group_3208
id66564,group_3209
id73181,group_321
id34520,group_3210
id64607,group_3211
id84867,group_3212
id67106,group_3213
id57545,group_3214
id45891,group_3215
id46384,group_3216
id6670,group_3217
id95207,group_3218
id57950,group_3219
id34128,group_322
id51288,group_322
id76155,group_322
id42878,group_3220
id72405,group_3221
id83027,group_3222
id36838,group_3223
id69642,group_3224
id5730,group_3225
id98923,group_3226
id73463,group_3227
id35133,group_3228
id60372,group_3229
id15592,group_323
id18677,group_323
id91641,group_323
id81375,group_3230
id83324,group_3231
id70015,group_3232
id87112,group_3233
id264,group_3234
id40800,group_3235
id11125,group_3236
id84448,group_3237
id30233,group_3238
id58361,group_3239
id77264,group_324
id75865,group_3240
id97466,group_3241
id38988,group_3242
id89155,group_3243
id33422,group_3244
id85326,group_3245
id56671,group_3246
id81656,group_3247
id81481,group_3248
id3308,group_3249
id43675,group_325
id89641,group_3250
id71116,group_3251
id42638,group_3252
id68544,group_3253
id60893,group_3254
id86077,group_3255
id16510,group_3256
id10790,group_3257
id2057,group_3258
id61656,group_3258
id27626,group_3259
id41135,group_3259
id67135,group_3259
id90976,group_326
id95130,group_3260
id7842,group_3261
id53285,group_3262
id52869,group_3263
id65273,group_3264
id76217,group_3265
id35160,group_3266
id84358,group_3267
id27979,group_3268
id96904,group_3269
id39711,group_327
id21304,group_3270
id402,group_3271
id20405,group_3272
id70807,group_3273
id13572,group_3274
id55419,group_3275
id56493,group_3276
id10947,group_3277
id71277,group_3278
id63895,group_3279
id47265,group_328
id64660,group_328
id22483,group_3280
id50411,group_3281
id1344,group_3282
id85280,group_3283
id52151,group_3284
id3057,group_3285
id92063,group_3286
id68542,group_3287
id65990,group_3288
id9259,group_3289
id38260,group_329
id47698,group_329
id81228,group_329
id8697,group_329
id72419,group_3290
id69555,group_3291
id92688,group_3292
id87791,group_3293
id10321,group_3294
id38429,group_3295
id46166,group_3296
id52085,group_3296
id26783,group_3297
id86903,group_3298
id60673,group_3299
id27866,group_33
id5718,group_330
id8281,group_3300
id28565,group_3301
id41855,group_3302
id95656,group_3303
id52393,group_3304
id75215,group_3305
id1959,group_3306
id95538,group_3307
id1942,group_3308
id3118,group_3309
id11924,group_331
id21479,group_3310
id20607,group_3311
id44646,group_3312
id49785,group_3313
id21468,group_3314
id73331,group_3315
id17161,group_3316
id85833,group_3317
id44946,group_3318
id18504,group_3319
id87354,group_332
id99019,group_3320
id29765,group_3321
id59432,group_3322
id41019,group_3323
id9732,group_3324
id49866,group_3325
id25113,group_3326
id58780,group_3327
id76700,group_3328
id21254,group_3329
id94530,group_333
id94434,group_3330
id51591,group_3331
id25188,group_3332
id38219,group_3333
id89820,group_3334
id74345,group_3335
id20695,group_3336
id25028,group_3337
id82158,group_3338
id35382,group_3339
id38531,group_334
id29381,group_3340
id65227,group_3341
id79251,group_3342
id866,group_3343
id34238,group_3344
id32556,group_3345
id78401,group_3346
id16980,group_3347
id20189,group_3348
id13129,group_3349
id61028,group_335
id78827,group_335
id79796,group_335
id83172,group_335
id2109,group_3350
id35845,group_3351
id79069,group_3352
id60414,group_3353
id26747,group_3354
id83796,group_3355
id45065,group_3356
id71910,group_3357
id62450,group_3358
id45914,group_3359
id69811,group_336
id7544,group_336
id77129,group_336
id78008,group_336
id77865,group_3360
id13385,group_3361
id3397,group_3362
id6299,group_3363
id12506,group_3364
id78077,group_3365
id5794,group_3366
id12081,group_3367
id86445,group_3367
id63267,group_3368
id45061,group_3369
id12155,group_337
id60441,group_3370
id46360,group_3371
id98795,group_3372
id34369,group_3373
id85867,group_3374
id36149,group_3375
id55571,group_3376
id14971,group_3377
id46305,group_3378
id3596,group_3379
id61517,group_338
id52454,group_3380
id24324,group_3381
id73301,group_3382
id69225,group_3383
id53886,group_3384
id20858,group_3385
id64016,group_3386
id95939,group_3387
id36864,group_3388
id54444,group_3389
id65488,group_339
id74623,group_3390
id38912,group_3391
id63541,group_3392
id45993,group_3393
id16836,group_3394
id53209,group_3395
id11088,group_3396
id67809,group_3397
id70214,group_3398
id97716,group_3399
id19755,group_34
id85445,group_34
id9247,group_34
id99670,group_34
id95710,group_340
id24459,group_3400
id68734,group_3400
id67238,group_3401
id20234,group_3402
id10006,group_3403
id92394,group_3404
id89702,group_3405
id84697,group_3406
id97058,group_3407
id98275,group_3408
id81727,group_3409
id51971,group_341
id80724,group_3410
id98165,group_3411
id59391,group_3412
id61402,group_3412
id62137,group_3413
id91420,group_3414
id2755,group_3415
id13077,group_3416
id22174,group_3417
id19651,group_3418
id49651,group_3419
id72796,group_342
id19775,group_3420
id59254,group_3421
id18955,group_3422
id481,group_3423
id79526,group_3424
id64917,group_3425
id86443,group_3426
id64277,group_3427
id99872,group_3428
id87240,group_3429
id27509,group_343
id65604,group_343
id41073,group_3430
id8333,group_3431
id49497,group_3432
id97114,group_3433
id3505,group_3434
id38034,group_3435
id6645,group_3436
id10481,group_3437
id26891,group_3438
id71412,group_3439
id34544,group_344
id6032,group_344
id41531,group_3440
id97839,group_3441
id63159,group_3442
id77810,group_3443
id9477,group_3443
id27467,group_3444
id58568,group_3445
id22000,group_3446
id45711,group_3447
id58862,group_3448
id50449,group_3449
id780,group_345
id89195,group_3450
id43812,group_3451
id79485,group_3452
id69335,group_3453
id68978,group_3454
id1198,group_3455
id75395,group_3456
id43195,group_3457
id49701,group_3458
id13266,group_3459
id33467,group_346
id44087,group_346
id50547,group_346
id55217,group_346
id55126,group_3460
id75141,group_3461
id18082,group_3462
id88303,group_3463
id74367,group_3464
id10754,group_3465
id85914,group_3466
id80962,group_3467
id84251,group_3467
id31387,group_3468
id574,group_3469
id70577,group_347
id19789,group_3470
id44571,group_3471
id6389,group_3472
id52481,group_3473
id22493,group_3474
id9419,group_3475
id35864,group_3476
id62162,group_3477
id528,group_3478
id89412,group_3479
id51242,group_348
id9706,group_3480
id93813,group_3481
id88323,group_3482
id62173,group_3483
id47723,group_3484
id66885,group_3485
id55285,group_3486
id91369,group_3487
id98739,group_3488
id1275,group_3489
id33075,group_349
id84996,group_3490
id29256,group_3491
id7375,group_3492
id15220,group_3493
id21311,group_3494
id71994,group_3495
id44226,group_3496
id36903,group_3497
id76635,group_3498
id29617,group_3499
id21564,group_35
id30263,group_35
id37858,group_350
id89907,group_3500
id41409,group_3501
id98291,group_3502
id53466,group_3503
id61542,group_3504
id85261,group_3505
id50267,group_351
id51350,group_352
id43403,group_353
id7202,group_354
id80984,group_355
id11162,group_356
id28756,group_356
id55518,group_356
id90776,group_356
id11222,group_357
id43848,group_357
id61621,group_357
id84968,group_357
id11659,group_358
id22602,group_358
id71938,group_358
id45844,group_359
id51190,group_36
id13591,group_360
id14066,group_360
id3635,group_360
id63811,group_361
id58366,group_362
id24954,group_363
id3924,group_364
id52744,group_364
id83899,group_364
id19497,group_365
id2200,group_366
id1816,group_367
id53664,group_367
id54305,group_367
id92804,group_367
id63968,group_368
id75460,group_369
id71300,group_37
id29756,group_370
id36691,group_370
id69715,group_371
id32664,group_372
id36269,group_373
id38804,group_373
id72630,group_373
id40336,group_374
id99780,group_374
id20846,group_375
id13789,group_376
id80472,group_376
id26487,group_377
id7076,group_377
id72057,group_377
id29376,group_378
id82620,group_379
id38170,group_38
id51543,group_38
id1460,group_380
id27109,group_380
id58086,group_380
id71734,group_380
id78874,group_380
id83187,group_380
id70781,group_381
id1662,group_382
id33673,group_383
id70974,group_384
id91300,group_384
id39431,group_385
id66988,group_385
id75906,group_385
id94931,group_386
id74621,group_387
id79159,group_387
id13033,group_388
id25665,group_388
id39549,group_388
id74780,group_388
id97218,group_388
id90303,group_389
id38008,group_39
id3928,group_39
id88875,group_390
id32811,group_391
id88319,group_391
id94865,group_392
id98325,group_393
id8673,group_394
id231,group_395
id69989,group_395
id15550,group_396
id17804,group_396
id24759,group_396
id23447,group_397
id51556,group_397
id61082,group_397
id96444,group_398
id36536,group_399
id81570,group_4
id14911,group_40
id41859,group_40
id94964,group_40
id52256,group_400
id16050,group_401
id38498,group_402
id40210,group_402
id32021,group_403
id6673,group_403
id66921,group_403
id46148,group_404
id36650,group_405
id56991,group_405
id60884,group_405
id93954,group_406
id50929,group_407
id34746,group_408
id88018,group_408
id29427,group_409
id3766,group_409
id44774,group_409
id7408,group_409
id84576,group_409
id25038,group_41
id68772,group_41
id14732,group_410
id22439,group_410
id16668,group_411
id98978,group_412
id10500,group_413
id54035,group_413
id43204,group_414
id78782,group_415
id85981,group_416
id2354,group_417
id61949,group_418
id2111,group_419
id55364,group_419
id57370,group_42
id79510,group_42
id20013,group_420
id2661,group_420
id56684,group_420
id70117,group_420
id73885,group_420
id77132,group_420
id4993,group_421
id88718,group_422
id74040,group_423
id81470,group_424
id14893,group_425
id58474,group_425
id54813,group_426
id65241,group_426
id98308,group_427
id96175,group_428
id26655,group_429
id27958,group_429
id61352,group_429
id8026,group_429
id83231,group_429
id57195,group_43
id71029,group_43
id73838,group_43
id1441,group_430
id48521,group_430
id34822,group_431
id50359,group_432
id56362,group_433
id21649,group_434
id47637,group_434
id54175,group_434
id14653,group_435
id42733,group_435
id52831,group_435
id77779,group_435
id48558,group_436
id94330,group_437
id60805,group_438
id78569,group_439
id47668,group_44
id43447,group_440
id32609,group_441
id66260,group_442
id69051,group_442
id77476,group_442
id21927,group_443
id54920,group_443
id7395,group_443
id15721,group_444
id52838,group_444
id91434,group_444
id20928,group_445
id37375,group_445
id57775,group_446
id64074,group_446
id68828,group_447
id47554,group_448
id55349,group_448
id58782,group_448
id49863,group_449
id89295,group_45
id77715,group_450
id81990,group_450
id27513,group_451
id29157,group_451
id3546,group_452
id64769,group_452
id95048,group_452
id56561,group_453
id38070,group_454
id58466,group_454
id60159,group_454
id42589,group_455
id73336,group_456
id16827,group_457
id34534,group_457
id37567,group_457
id42051,group_457
id23841,group_458
id82492,group_459
id33735,group_46
id60495,group_460
id16728,group_461
id53385,group_461
id96588,group_461
id97722,group_461
id21409,group_462
id32764,group_462
id45762,group_462
id16988,group_463
id3550,group_464
id16020,group_465
id42393,group_465
id60610,group_466
id57250,group_467
id11641,group_468
id88083,group_468
id51796,group_469
id49840,group_47
id63766,group_47
id9073,group_47
id78514,group_470
id6380,group_471
id59224,group_472
id33088,group_473
id43381,group_473
id77116,group_473
id42809,group_474
id56786,group_474
id27119,group_475
id68123,group_475
id99310,group_475
id86441,group_476
id58187,group_477
id15517,group_478
id93727,group_479
id59755,group_48
id62970,group_480
id38074,group_481
id39797,group_482
id80946,group_483
id17575,group_484
id6211,group_484
id26811,group_485
id98549,group_485
id63258,group_486
id25143,group_487
id50130,group_487
id18287,group_488
id32993,group_489
id38965,group_49
id9158,group_49
id92939,group_490
id96876,group_491
id77003,group_492
id81371,group_492
id54296,group_493
id7796,group_493
id75715,group_494
id53885,group_495
id55430,group_495
id86283,group_495
id12634,group_496
id14814,group_496
id23713,group_496
id34457,group_496
id50391,group_496
id58857,group_497
id62433,group_498
id77057,group_498
id61850,group_499
id36546,group_5
id74638,group_50
id98625,group_50
id59612,group_500
id85086,group_501
id6625,group_502
id22945,group_503
id18827,group_504
id35502,group_504
id51848,group_504
id12218,group_505
id36667,group_506
id73913,group_507
id13763,group_508
id21856,group_509
id13466,group_51
id77991,group_510
id10220,group_511
id98408,group_511
id28938,group_512
id98927,group_512
id55131,group_513
id3354,group_514
id75650,group_514
id99607,group_514
id98808,group_515
id13929,group_516
id32742,group_517
id85913,group_518
id29038,group_519
id52344,group_519
id65499,group_519
id96835,group_519
id16445,group_52
id44764,group_52
id14553,group_520
id81985,group_520
id92270,group_520
id404,group_521
id73825,group_522
id48809,group_523
id12906,group_524
id40419,group_525
id43201,group_526
id87408,group_527
id58090,group_528
id6767,group_529
id37675,group_53
id36669,group_530
id9773,group_531
id47981,group_532
id85259,group_532
id54863,group_533
id46688,group_534
id59303,group_534
id61439,group_535
id65917,group_536
id26978,group_537
id70068,group_537
id88987,group_537
id91162,group_538
id32708,group_539
id50299,group_539
id5639,group_539
id5692,group_54
id56297,group_540
id41728,group_541
id48909,group_541
id53869,group_541
id60767,group_541
id2785,group_542
id55776,group_542
id58373,group_542
id69675,group_542
id71791,group_542
id78674,group_543
id71653,group_544
id34211,group_545
id30817,group_546
id24331,group_547
id71964,group_548
id96936,group_548
id99293,group_548
id25413,group_549
id66721,group_55
id36280,group_550
id24750,group_551
id52009,group_551
id69667,group_552
id48031,group_553
id59260,group_553
id70251,group_553
id91777,group_553
id99067,group_553
id61169,group_554
id65428,group_555
id33733,group_556
id34335,group_556
id76413,group_557
id67137,group_558
id93517,group_559
id32604,group_56
id2584,group_560
id91609,group_561
id60915,group_562
id17723,group_563
id27636,group_564
id72240,group_565
id60123,group_566
id17624,group_567
id32279,group_567
id69487,group_568
id76110,group_568
id9088,group_568
id25653,group_569
id29949,group_57
id58546,group_570
id32832,group_571
id61422,group_571
id65861,group_571
id75704,group_572
id8042,group_573
id28450,group_574
id72639,group_574
id91874,group_575
id79215,group_576
id93561,group_577
id17436,group_578
id26447,group_578
id32494,group_578
id6807,group_578
id32371,group_579
id2359,group_58
id31225,group_58
id14224,group_580
id33200,group_580
id46247,group_581
id23797,group_582
id29542,group_583
id29966,group_583
id18055,group_584
id92405,group_584
id16043,group_585
id46795,group_585
id70806,group_585
id16067,group_586
id4642,group_587
id83639,group_588
id29597,group_589
id55548,group_59
id18520,group_590
id63055,group_590
id2126,group_591
id83237,group_591
id87666,group_591
id1918,group_592
id66608,group_593
id72864,group_593
id96398,group_593
id21778,group_594
id46053,group_595
id52827,group_595
id67674,group_595
id3054,group_596
id5801,group_596
id23794,group_597
id28051,group_598
id23139,group_599
id25459,group_599
id37516,group_599
id49687,group_599
id74668,group_6
id19588,group_60
id49132,group_60
id81689,group_600
id22905,group_601
id21218,group_602
id40816,group_603
id83992,group_603
id80624,group_604
id73420,group_605
id11422,group_606
id26300,group_606
id67043,group_606
id15187,group_607
id59790,group_607
id81578,group_607
id84567,group_607
id61252,group_608
id15344,group_609
id29825,group_609
id13574,group_61
id28196,group_61
id47293,group_610
id41594,group_611
id53121,group_611
id81893,group_612
id46807,group_613
id22205,group_614
id44035,group_614
id35493,group_615
id69226,group_615
id91211,group_615
id48081,group_616
id62775,group_617
id71265,group_618
id99323,group_618
id36572,group_619
id36672,group_619
id70844,group_619
id7390,group_619
id90560,group_619
id34984,group_62
id37863,group_62
id67933,group_62
id81809,group_62
id14353,group_620
id40564,group_620
id58781,group_620
id83882,group_621
id93336,group_621
id48124,group_622
id24997,group_623
id73761,group_624
id29318,group_625
id93461,group_625
id53244,group_626
id68489,group_626
id8340,group_626
id36331,group_627
id37585,group_628
id58457,group_628
id66642,group_629
id8364,group_629
id21275,group_63
id28571,group_630
id56574,group_631
id10969,group_632
id14566,group_632
id28310,group_632
id45678,group_632
id81395,group_632
id14954,group_633
id81043,group_634
id96056,group_634
id30501,group_635
id21881,group_636
id30327,group_637
id32157,group_637
id30576,group_638
id27893,group_639
id40089,group_639
id70264,group_639
id95206,group_64
id89899,group_640
id70903,group_641
id33003,group_642
id49039,group_642
id7867,group_643
id65325,group_644
id42446,group_645
id71043,group_646
id2476,group_647
id35955,group_648
id96580,group_648
id66548,group_649
id73222,group_649
id34953,group_65
id93924,group_65
id97032,group_65
id97548,group_65
id72245,group_650
id85831,group_651
id89029,group_651
id24240,group_652
id15611,group_653
id35549,group_653
id44197,group_653
id74880,group_653
id47686,group_654
id52517,group_655
id7920,group_656
id46087,group_657
id7583,group_657
id56766,group_658
id14234,group_659
id26842,group_659
id80163,group_659
id29275,group_66
id55135,group_66
id34296,group_660
id89703,group_660
id80001,group_661
id68321,group_662
id82430,group_663
id64137,group_664
id57841,group_665
id71258,group_666
id74734,group_667
id54622,group_668
id37646,group_669
id73725,group_669
id87613,group_669
id13472,group_67
id5969,group_670
id54571,group_671
id31604,group_672
id15296,group_673
id81288,group_674
id22144,group_675
id22872,group_676
id86043,group_677
id61601,group_678
id37817,group_679
id23470,group_68
id24051,group_68
id33153,group_68
id58353,group_68
id24298,group_680
id52259,group_680
id6577,group_680
id87542,group_680
id35665,group_681
id96885,group_682
id47564,group_683
id42972,group_684
id18884,group_685
id50234,group_685
id53138,group_685
id54451,group_685
id90472,group_686
id18227,group_687
id38436,group_688
id72948,group_688
id92090,group_688
id42797,group_689
id24134,group_69
id70994,group_69
id72219,group_69
id44154,group_690
id44006,group_691
id65979,group_691
id78234,group_691
id83625,group_691
id84562,group_691
id30400,group_692
id55499,group_692
id82504,group_692
id983,group_692
id99294,group_692
id35305,group_693
id69662,group_693
id93422,group_693
id11971,group_694
id68406,group_694
id16385,group_695
id26026,group_695
id84060,group_695
id81200,group_696
id89562,group_696
id37709,group_697
id57095,group_697
id61202,group_697
id40832,group_698
id63346,group_698
id13932,group_699
id39317,group_7
id11295,group_70
id21180,group_70
id88643,group_700
id41844,group_701
id21599,group_702
id26114,group_703
id38961,group_703
id52921,group_703
id57707,group_703
id51211,group_704
id95323,group_704
id17242,group_705
id19909,group_705
id96973,group_706
id27714,group_707
id92599,group_708
id31362,group_709
id65644,group_709
id77679,group_71
id14304,group_710
id26466,group_710
id81435,group_710
id34871,group_711
id65498,group_712
id1612,group_713
id41698,group_714
id3355,group_715
id56513,group_716
id62561,group_717
id27777,group_718
id6287,group_719
id1733,group_72
id45433,group_72
id61266,group_720
id31190,group_721
id42858,group_722
id67571,group_723
id83523,group_723
id34729,group_724
id87563,group_724
id48160,group_725
id54311,group_725
id83392,group_725
id88022,group_725
id95880,group_725
id47005,group_726
id55914,group_726
id84912,group_726
id56066,group_727
id73677,group_728
id42258,group_729
id90544,group_73
id45835,group_730
id5698,group_730
id76887,group_730
id78481,group_730
id9146,group_731
id66255,group_732
id96856,group_733
id17271,group_734
id20463,group_734
id34202,group_734
id64549,group_734
id1606,group_735
id11825,group_736
id31750,group_736
id68136,group_737
id10149,group_738
id44153,group_739
id47171,group_739
id99276,group_739
id32807,group_74
id45197,group_740
id83784,group_740
id8977,group_740
id23311,group_741
id84761,group_742
id15329,group_743
id79755,group_744
id88993,group_745
id28632,group_746
id51384,group_746
id60536,group_746
id21985,group_747
id33856,group_748
id55083,group_748
id69156,group_748
id18617,group_749
id46832,group_749
id82142,group_749
id11127,group_75
id39515,group_750
id47169,group_750
id80875,group_751
id7072,group_752
id83244,group_753
id90747,group_754
id28793,group_755
id99992,group_755
id62928,group_756
id24953,group_757
id87729,group_758
id12778,group_759
id22216,group_759
id35404,group_759
id4399,group_759
id17801,group_76
id58918,group_76
id7242,group_76
id43518,group_760
id55929,group_761
id18319,group_762
id87642,group_763
id51334,group_764
id48429,group_765
id65295,group_765
id83953,group_766
id41835,group_767
id89139,group_767
id79256,group_768
id73161,group_769
id34266,group_77
id29049,group_770
id52058,group_771
id54845,group_772
id89303,group_773
id15879,group_774
id37701,group_775
id60116,group_776
id27013,group_777
id59074,group_777
id64215,group_777
id40355,group_778
id30249,group_779
id40043,group_779
id77465,group_779
id86322,group_779
id38697,group_78
id20881,group_780
id48834,group_780
id52265,group_780
id72298,group_781
id6171,group_782
id88732,group_783
id69880,group_784
id91055,group_785
id30829,group_786
id15094,group_787
id15685,group_788
id36122,group_788
id84616,group_788
id64284,group_789
id67704,group_789
id74066,group_789
id96377,group_789
id49017,group_79
id65865,group_79
id88437,group_79
id36118,group_790
id55584,group_790
id18368,group_791
id62817,group_791
id19797,group_792
id90189,group_792
id65403,group_793
id62373,group_794
id65139,group_794
id76126,group_794
id18246,group_795
id34869,group_796
id35532,group_796
id8635,group_796
id93746,group_796
id69803,group_797
id67843,group_798
id8310,group_799
id11280,group_8
id14518,group_8
id17837,group_80
id81047,group_80
id64221,group_800
id88250,group_801
id45518,group_802
id63124,group_802
id89786,group_803
id72265,group_804
id82563,group_805
id5469,group_806
id41064,group_807
id51774,group_807
id53559,group_807
id70708,group_807
id1464,group_808
id1849,group_809
id34721,group_809
id60105,group_809
id17997,group_81
id13900,group_810
id30665,group_810
id41713,group_810
id11369,group_811
id65655,group_812
id9751,group_813
id99483,group_814
id63302,group_815
id41628,group_816
id81453,group_816
id82825,group_816
id46111,group_817
id73997,group_818
id78675,group_818
id37094,group_819
id20306,group_82
id37391,group_82
id43696,group_82
id61450,group_82
id8006,group_82
id19887,group_820
id48237,group_821
id97527,group_821
id36264,group_822
id35032,group_823
id1666,group_824
id24547,group_824
id30463,group_824
id57568,group_824
id674,group_825
id79955,group_825
id40299,group_826
id63282,group_826
id63529,group_826
id42451,group_827
id42763,group_828
id46534,group_828
id23785,group_829
id76014,group_829
id30201,group_83
id14730,group_830
id46558,group_831
id75330,group_832
id98811,group_833
id77851,group_834
id52030,group_835
id61892,group_835
id99286,group_835
id96673,group_836
id4634,group_837
id5049,group_838
id52886,group_838
id37699,group_839
id40194,group_839
id42602,group_839
id36171,group_84
id20196,group_840
id20610,group_841
id40777,group_841
id67353,group_842
id67919,group_843
id13331,group_844
id23383,group_844
id2951,group_844
id48204,group_844
id75103,group_844
id87998,group_844
id51870,group_845
id92653,group_846
id37290,group_847
id78359,group_847
id68023,group_848
id72751,group_849
id15780,group_85
id5812,group_85
id70486,group_85
id79226,group_85
id2469,group_850
id79993,group_850
id28413,group_851
id68670,group_851
id77383,group_852
id25307,group_853
id41877,group_854
id46726,group_855
id56746,group_855
id10522,group_856
id68178,group_856
id981,group_857
id54039,group_858
id69826,group_858
id92211,group_858
id44409,group_859
id13180,group_86
id53310,group_86
id76659,group_86
id33790,group_860
id41515,group_860
id48666,group_861
id59582,group_861
id6617,group_861
id85116,group_861
id14046,group_862
id21049,group_862
id72172,group_862
id73267,group_862
id73850,group_862
id57208,group_863
id8062,group_863
id15522,group_864
id36010,group_864
id75456,group_864
id97799,group_864
id66866,group_865
id70434,group_866
id11018,group_867
id1138,group_867
id11334,group_868
id73025,group_869
id77161,group_869
id82447,group_869
id50773,group_87
id68678,group_87
id82785,group_87
id43837,group_870
id55214,group_870
id7790,group_870
id98365,group_871
id70586,group_872
id9015,group_873
id38865,group_874
id86646,group_875
id26882,group_876
id31094,group_876
id3108,group_877
id51014,group_877
id76331,group_878
id89421,group_879
id38633,group_88
id15283,group_880
id69310,group_880
id72135,group_880
id79644,group_880
id83636,group_880
id69402,group_881
id53555,group_882
id59064,group_883
id83665,group_884
id63024,group_885
id75019,group_886
id99619,group_886
id921,group_887
id77438,group_888
id99528,group_889
id26663,group_89
id81522,group_890
id35263,group_891
id55022,group_891
id53827,group_892
id71227,group_893
id60069,group_894
id11734,group_895
id16215,group_895
id20146,group_895
id50866,group_895
id72197,group_895
id59125,group_896
id49987,group_897
id76268,group_898
id98288,group_899
id28203,group_9
id5511,group_9
id57675,group_90
id64482,group_90
id77288,group_90
id89125,group_90
id25908,group_900
id27240,group_900
id69434,group_901
id37630,group_902
id90931,group_902
id45052,group_903
id55118,group_904
id55595,group_904
id28932,group_905
id18597,group_906
id51646,group_907
id51873,group_908
id70316,group_909
id25817,group_91
id27221,group_91
id57815,group_91
id82199,group_91
id17060,group_910
id70833,group_910
id43689,group_911
id23292,group_912
id49793,group_912
id50529,group_912
id81249,group_912
id62972,group_913
id82464,group_913
id46543,group_914
id60804,group_914
id67469,group_914
id62429,group_915
id61937,group_916
id68604,group_917
id31807,group_918
id33861,group_918
id45084,group_918
id88096,group_919
id92976,group_92
id55922,group_920
id43495,group_921
id49854,group_922
id92077,group_923
id90364,group_924
id1700,group_925
id95458,group_926
id50512,group_927
id64041,group_927
id92916,group_927
id22617,group_928
id19985,group_929
id24336,group_93
id38485,group_93
id46381,group_93
id89403,group_93
id16158,group_930
id61020,group_930
id86230,group_930
id88597,group_930
id18272,group_931
id34728,group_932
id84330,group_932
id44082,group_933
id67504,group_934
id8457,group_934
id79569,group_935
id64428,group_936
id91708,group_937
id24255,group_938
id59180,group_939
id88290,group_94
id98842,group_94
id12648,group_940
id76083,group_940
id89551,group_940
id46853,group_941
id65233,group_942
id65032,group_943
id30686,group_944
id31766,group_945
id10461,group_946
id71189,group_947
id46984,group_948
id16448,group_949
id70255,group_95
id12800,group_950
id43511,group_950
id82903,group_950
id29089,group_951
id96114,group_951
id97759,group_951
id90475,group_952
id97811,group_953
id12765,group_954
id74915,group_955
id4623,group_956
id51107,group_956
id82055,group_956
id22140,group_957
id54778,group_957
id78571,group_957
id78581,group_957
id82389,group_957
id95889,group_958
id91547,group_959
id46644,group_96
id12230,group_960
id26577,group_960
id52937,group_960
id12558,group_961
id60100,group_961
id29589,group_962
id69182,group_963
id6564,group_964
id65442,group_965
id34812,group_966
id3698,group_966
id32326,group_967
id86580,group_967
id11191,group_968
id18027,group_969
id2937,group_97
id69618,group_97
id77960,group_97
id84857,group_97
id25869,group_970
id64545,group_970
id74529,group_970
id85473,group_970
id9183,group_970
id36486,group_971
id21077,group_972
id75879,group_972
id91878,group_973
id97717,group_974
id15491,group_975
id71852,group_976
id7911,group_976
id28266,group_977
id56243,group_977
id6844,group_977
id72268,group_978
id60564,group_979
id41200,group_98
id56185,group_98
id19019,group_980
id81405,group_980
id59551,group_981
id59635,group_981
id84419,group_981
id45560,group_982
id54761,group_983
id80152,group_983
id25674,group_984
id37643,group_984
id33574,group_985
id86938,group_986
id82202,group_987
id43305,group_988
id51157,group_989
id10887,group_99
id41386,group_99
id81162,group_99
id27392,group_990
id85502,group_991
id91426,group_991
id57128,group_992
id11332,group_993
id69127,group_994
id16852,group_995
id22654,group_995
id57091,group_995
id2130,group_996
id2545,group_997
id26775,group_998
id70628,group_999
